character,empathy,leadership,loyalty,risk_taking,strategic_thinking,independence,impulsiveness,moral_reasoning,humor,self_sacrifice
Tony Stark,7,8,7,10,9,10,8,6,10,6
Steve Rogers,9,10,10,7,7,5,4,10,5,10
Thor,8,8,8,9,6,8,8,7,9,8
Peter Parker,10,6,9,7,7,5,6,10,8,9
Natasha Romanoff,8,8,9,8,9,8,5,8,6,9
Wanda Maximoff,9,7,8,7,7,6,7,7,4,9
Doctor Strange,6,8,6,8,10,9,6,7,6,5
Shuri,8,7,7,7,10,8,6,8,8,6
T'Challa / Black Panther,8,9,9,7,8,7,4,9,5,9
Sam Wilson,9,8,9,7,7,6,5,9,7,9
Bucky Barnes,8,6,9,6,7,7,4,8,4,8
Carol Danvers,7,9,8,9,8,9,7,8,6,7
Scott Lang,9,6,8,8,5,6,8,7,10,8
Shang-Chi,9,7,9,7,8,7,4,9,6,8
Kamala Khan,10,6,9,8,6,6,7,9,9,8
Loki,5,6,4,8,10,9,9,4,8,3
Yelena Belova,7,7,8,8,8,8,7,7,9,7
Deadpool,7,6,7,10,6,9,10,5,10,5
Moon Knight,7,6,8,7,7,8,7,6,4,8
Venom / Eddie Brock,7,6,8,9,6,7,8,6,7,9
Thanos,4,10,3,8,9,10,4,2,2,5
Killmonger,5,8,5,9,8,9,8,4,5,6
Doctor Doom,4,9,4,8,10,10,5,4,3,4
Magneto,7,9,8,7,9,9,4,7,3,7
Green Goblin,3,6,3,10,8,9,10,2,8,2
