,precision,recall,f1-score,support
Bucky Barnes,0.8064516129032258,0.8333333333333334,0.819672131147541,60.0
Carol Danvers,0.6981132075471698,0.6166666666666667,0.6548672566371682,60.0
Deadpool,0.8253968253968254,0.8666666666666667,0.8455284552845529,60.0
Doctor Doom,0.7222222222222222,0.8666666666666667,0.7878787878787878,60.0
Doctor Strange,0.8448275862068966,0.8166666666666667,0.8305084745762712,60.0
Green Goblin,0.9824561403508771,0.9333333333333333,0.9572649572649573,60.0
Kamala Khan,0.6724137931034483,0.65,0.6610169491525424,60.0
Killmonger,0.8387096774193549,0.8666666666666667,0.8524590163934426,60.0
Loki,0.9285714285714286,0.8666666666666667,0.896551724137931,60.0
Magneto,0.8032786885245902,0.8166666666666667,0.8099173553719008,60.0
Moon Knight,0.703125,0.75,0.7258064516129032,60.0
Natasha Romanoff,0.5901639344262295,0.6,0.5950413223140496,60.0
Peter Parker,0.7096774193548387,0.7333333333333333,0.7213114754098361,60.0
Sam Wilson,0.43636363636363634,0.4,0.41739130434782606,60.0
Scott Lang,0.7222222222222222,0.65,0.6842105263157895,60.0
Shang-Chi,0.5849056603773585,0.5166666666666667,0.5486725663716814,60.0
Shuri,0.8064516129032258,0.8333333333333334,0.819672131147541,60.0
Steve Rogers,0.6986301369863014,0.85,0.7669172932330827,60.0
T'Challa / Black Panther,0.5535714285714286,0.5166666666666667,0.5344827586206896,60.0
Thanos,0.9375,0.75,0.8333333333333334,60.0
Thor,0.7037037037037037,0.6333333333333333,0.6666666666666666,60.0
Tony Stark,0.7692307692307693,0.8333333333333334,0.8,60.0
Venom / Eddie Brock,0.6666666666666666,0.8,0.7272727272727273,60.0
Wanda Maximoff,0.7049180327868853,0.7166666666666667,0.7107438016528925,60.0
Yelena Belova,0.603448275862069,0.5833333333333334,0.5932203389830508,60.0
accuracy,0.732,0.732,0.732,0.732
macro avg,0.7325207872680549,0.732,0.7304163122050866,1500.0
weighted avg,0.732520787268055,0.732,0.7304163122050865,1500.0
